{
  "backpropType" : "Standard",
  "cacheMode" : "NONE",
  "dataType" : "FLOAT",
  "defaultConfiguration" : {
    "cacheMode" : "NONE",
    "dataType" : "FLOAT",
    "epochCount" : 0,
    "iterationCount" : 0,
    "layer" : null,
    "maxNumLineSearchIterations" : 5,
    "miniBatch" : true,
    "minimize" : true,
    "optimizationAlgo" : "STOCHASTIC_GRADIENT_DESCENT",
    "seed" : 1234,
    "stepFunction" : null,
    "variables" : [ "encoder_W", "encoder_RW", "encoder_b", "decoder_W", "decoder_RW", "decoder_b", "output_W", "output_b" ]
  },
  "epochCount" : 200,
  "inferenceWorkspaceMode" : "ENABLED",
  "iterationCount" : 22800,
  "networkInputs" : [ "englishIn", "frenchOut" ],
  "networkOutputs" : [ "output" ],
  "tbpttBackLength" : 20,
  "tbpttFwdLength" : 20,
  "topologicalOrder" : [ 0, 1, 2, 3, 4, 6, 5, 7 ],
  "topologicalOrderStr" : [ "englishIn", "frenchOut", "encoder", "lastTimeStep", "duplicateTimeStep", "decoder-merge", "decoder", "output" ],
  "trainingWorkspaceMode" : "ENABLED",
  "validateOutputLayerConfig" : true,
  "vertexInputs" : {
    "encoder" : [ "englishIn" ],
    "lastTimeStep" : [ "encoder" ],
    "duplicateTimeStep" : [ "lastTimeStep" ],
    "decoder-merge" : [ "frenchOut", "duplicateTimeStep" ],
    "decoder" : [ "decoder-merge" ],
    "output" : [ "decoder" ]
  },
  "vertices" : {
    "encoder" : {
      "@class" : "org.deeplearning4j.nn.conf.graph.LayerVertex",
      "layerConf" : {
        "cacheMode" : "NONE",
        "dataType" : "FLOAT",
        "epochCount" : 0,
        "iterationCount" : 0,
        "layer" : {
          "@class" : "org.deeplearning4j.nn.conf.layers.LSTM",
          "activationFn" : {
            "@class" : "org.nd4j.linalg.activations.impl.ActivationSoftSign"
          },
          "biasInit" : 0.0,
          "biasUpdater" : null,
          "constraints" : null,
          "forgetGateBiasInit" : 1.0,
          "gainInit" : 1.0,
          "gateActivationFn" : {
            "@class" : "org.nd4j.linalg.activations.impl.ActivationSigmoid"
          },
          "gradientNormalization" : "None",
          "gradientNormalizationThreshold" : 1.0,
          "idropout" : null,
          "iupdater" : {
            "@class" : "org.nd4j.linalg.learning.config.Adam",
            "beta1" : 0.9,
            "beta2" : 0.999,
            "epsilon" : 1.0E-8,
            "learningRate" : 0.001
          },
          "layerName" : "encoder",
          "nin" : 88,
          "nout" : 256,
          "regularization" : [ ],
          "regularizationBias" : [ ],
          "weightInitFn" : {
            "@class" : "org.deeplearning4j.nn.weights.WeightInitXavier"
          },
          "weightInitFnRecurrent" : null,
          "weightNoise" : null
        },
        "maxNumLineSearchIterations" : 5,
        "miniBatch" : true,
        "minimize" : true,
        "optimizationAlgo" : "STOCHASTIC_GRADIENT_DESCENT",
        "seed" : 1234,
        "stepFunction" : null,
        "variables" : [ "W", "RW", "b" ]
      },
      "outputVertex" : false,
      "preProcessor" : null
    },
    "lastTimeStep" : {
      "@class" : "org.deeplearning4j.nn.conf.graph.rnn.LastTimeStepVertex",
      "maskArrayInputName" : "englishIn"
    },
    "duplicateTimeStep" : {
      "@class" : "org.deeplearning4j.nn.conf.graph.rnn.DuplicateToTimeSeriesVertex",
      "inputName" : "frenchOut"
    },
    "decoder" : {
      "@class" : "org.deeplearning4j.nn.conf.graph.LayerVertex",
      "layerConf" : {
        "cacheMode" : "NONE",
        "dataType" : "FLOAT",
        "epochCount" : 0,
        "iterationCount" : 0,
        "layer" : {
          "@class" : "org.deeplearning4j.nn.conf.layers.LSTM",
          "activationFn" : {
            "@class" : "org.nd4j.linalg.activations.impl.ActivationSoftSign"
          },
          "biasInit" : 0.0,
          "biasUpdater" : null,
          "constraints" : null,
          "forgetGateBiasInit" : 1.0,
          "gainInit" : 1.0,
          "gateActivationFn" : {
            "@class" : "org.nd4j.linalg.activations.impl.ActivationSigmoid"
          },
          "gradientNormalization" : "None",
          "gradientNormalizationThreshold" : 1.0,
          "idropout" : null,
          "iupdater" : {
            "@class" : "org.nd4j.linalg.learning.config.Adam",
            "beta1" : 0.9,
            "beta2" : 0.999,
            "epsilon" : 1.0E-8,
            "learningRate" : 0.001
          },
          "layerName" : "decoder",
          "nin" : 344,
          "nout" : 256,
          "regularization" : [ ],
          "regularizationBias" : [ ],
          "weightInitFn" : {
            "@class" : "org.deeplearning4j.nn.weights.WeightInitXavier"
          },
          "weightInitFnRecurrent" : null,
          "weightNoise" : null
        },
        "maxNumLineSearchIterations" : 5,
        "miniBatch" : true,
        "minimize" : true,
        "optimizationAlgo" : "STOCHASTIC_GRADIENT_DESCENT",
        "seed" : 1234,
        "stepFunction" : null,
        "variables" : [ "W", "RW", "b" ]
      },
      "outputVertex" : false,
      "preProcessor" : null
    },
    "decoder-merge" : {
      "@class" : "org.deeplearning4j.nn.conf.graph.MergeVertex"
    },
    "output" : {
      "@class" : "org.deeplearning4j.nn.conf.graph.LayerVertex",
      "layerConf" : {
        "cacheMode" : "NONE",
        "dataType" : "FLOAT",
        "epochCount" : 0,
        "iterationCount" : 0,
        "layer" : {
          "@class" : "org.deeplearning4j.nn.conf.layers.RnnOutputLayer",
          "activationFn" : {
            "@class" : "org.nd4j.linalg.activations.impl.ActivationSoftmax"
          },
          "biasInit" : 0.0,
          "biasUpdater" : null,
          "constraints" : null,
          "gainInit" : 1.0,
          "gradientNormalization" : "None",
          "gradientNormalizationThreshold" : 1.0,
          "hasBias" : true,
          "idropout" : null,
          "iupdater" : {
            "@class" : "org.nd4j.linalg.learning.config.Adam",
            "beta1" : 0.9,
            "beta2" : 0.999,
            "epsilon" : 1.0E-8,
            "learningRate" : 0.001
          },
          "layerName" : "output",
          "lossFn" : {
            "@class" : "org.nd4j.linalg.lossfunctions.impl.LossMCXENT",
            "softmaxClipEps" : 1.0E-10
          },
          "nin" : 256,
          "nout" : 88,
          "regularization" : [ ],
          "regularizationBias" : [ ],
          "weightInitFn" : {
            "@class" : "org.deeplearning4j.nn.weights.WeightInitXavier"
          },
          "weightNoise" : null
        },
        "maxNumLineSearchIterations" : 5,
        "miniBatch" : true,
        "minimize" : true,
        "optimizationAlgo" : "STOCHASTIC_GRADIENT_DESCENT",
        "seed" : 1234,
        "stepFunction" : null,
        "variables" : [ "W", "b" ]
      },
      "outputVertex" : false,
      "preProcessor" : null
    }
  }
}